170,Szerviz díj,,,6000,2022.06.01.
170,Bels? 8.5,M-12A,1,2400,2022.06.01.
170,Küls? 8.5,M-13A,1,3600,2022.06.01.
170,Xiaomi csavartartó prizma,PRO-36C,1,1600,2022.06.01.
171,Xiaomi csavartartó prizma,PRO-36C,1,1600,2022.06.01.
171,Dekor drót,T-32,1,2000,2022.06.01.
172,Szerviz díj,,,5500,2022.06.01.
172,10 Bels? 90°os szeleppel,L-4,1,7000,2022.06.01.
172,Zoom fék,M-30E,1,3500,2022.06.01.
173,Xiaomi sárvéd? merevít?,T-20C,1,3000,2022.06.02.
173,Piros els? és hátsó sárvéd?,M-38B,1,5500,2022.06.02.
173,GLS szállítási díj,GLS-U,1,1950,2022.06.02.
174,Gamin egérpad L,M-100,1,8000,2022.06.02.
174,GLS szállítási díj,GLS-U,1,1950,2022.06.02.
175,Szilikon fékkar dekor,T-15A,1,1300,2022.06.02.
176,Szerviz díj,,,6000,2022.06.03.
177,Szerviz díj,,,15000,2022.06.03.
178,Szerviz díj,,,5600,2022.06.03.
178,Hátsó kerék tartó csavar alátéttel,M-17C,2,1400,2022.06.03.
179,Szerviz díj,,,8000,2022.06.04.
179,Légkamrás tömör gumi,M-14I,2,18000,2022.06.04.
179,Féktárcsára szerelhet? riasztó,T-6B,1,9800,2022.06.04.
179,Tárcsa zár kábel,T-6C,1,1000,2022.06.04.
180,Bels? 8.5,M-12A,1,2400,2022.06.04.
180,Küls? 8.5,M-13A,1,3600,2022.06.04.
180,Szerviz díj,,,3000,2022.06.04.
181,Kerékcsere szerszémkészlet,T-13B,1,6000,2022.06.07.
181,GLS szállítási díj,GLS-B,1,1550,2022.06.07.
182,Bels? 10,M-12B,1,3000,2022.06.07.
182,Küls? 10,M-13B,1,4000,2022.06.07.
182,GLS szállítási díj,GLS-U,1,1950,2022.06.07.
183,Féktárcsára szerelhet? zár,T-6,1,2500,2022.06.07.
183,Tárcsa zár kábel,T-6C,1,1000,2022.06.07.
183,Xiaomi sárvéd? merevít?,T-20C,1,3000,2022.06.07.
183,Hátsó sárvéd?,M-37,1,3000,2022.06.07.
183,GLS szállítási díj,GLS-B,1,1550,2022.06.07.
184,Hátsó sárvéd?,M-37,1,3000,2022.06.07.
185,90°-os szeleptoldó,T-18B,1,2500,2022.06.07.
186,Wildman táska,T-8D,1,5700,2022.06.07.
187,Szerviz díj,,,6000,2022.06.07.
188,Szerviz díj,,,6000,2022.06.07.
189,Szerviz díj,,,-6000,2022.06.07.
190,Hátsó lámpa,M-4A,1,2300,2022.06.07.
190,Szerviz díj,,,13300,2022.06.07.
190,Akkumulátorhoz csatlakozó vezeték lámpához,M-61,2,4400,2022.06.07.
191,Féltömör gumi 8.5,M-14B,1,7600,2022.06.07.
191,Szerviz díj,,,2900,2022.06.07.
192,Bels? 8.5,M-12A,1,2400,2022.06.08.
193,X-tech Zoom tárcsafék,M-30B,1,11000,2022.06.08.
193,X-tech Zoom toldó,M-30D,1,2000,2022.06.08.
193,GLS szállítási díj,GLS-B,1,1550,2022.06.08.
194,Xiaomi csavartartó prizma,PRO-36C,1,1600,2022.06.08.
195,Szerviz díj,,,6000,2022.06.08.
195,Bels? gumi 8,L-25,1,2400,2022.06.08.
195,Küls? gumi 8,L-24,1,3100,2022.06.08.
196,Tárcsafék fékpofa,PRO-33,1,1200,2022.06.09.
196,GLS szállítási díj,GLS-U,1,1950,2022.06.09.
197,Féktárcsára szerelhet? riasztó,T-6B,1,9800,2022.06.09.
197,Színes rollervéd? gumi,T-21MPI,2,5600,2022.06.09.
197,GLS szállítási díj,GLS-U,1,1950,2022.06.09.
198,Utángyártott tölt?,T-1E,1,5500,2022.06.09.
198,GLS szállítási díj,GLS-U,1,1950,2022.06.09.
199,Szerviz díj,,,13000,2022.06.09.
199,Szerviz díj,,,6000,2022.06.09.
199,Küls? 8.5,M-13A,1,3600,2022.06.09.
199,Bels? 8.5,M-12A,1,2400,2022.06.09.
200,Szerviz díj,,,3000,2022.06.09.
201,Bels? 8.5,M-12A,1,2400,2022.06.09.
202,Bels? 8.5,M-12A,1,2400,2022.06.09.
202,Tömör gumi,M-14A,1,6000,2022.06.09.
203,Szerviz díj,,,4000,2022.06.10.
204,PXID elektromos roller,H-10,1,185000,2022.06.10.
204,Összecsukható 6 pontos zár,RF-LK05,1,5000,2022.06.10.
205,Utángyártott 7.8Ah akkumulátor,M-1B,1,73000,2022.06.10.
205,Szerviz díj,,,6000,2022.06.10.
206,Szerviz díj,,,16000,2022.06.12.
207,Szerviz díj,,,2000,2022.06.13.
208,Szerviz díj,,,3000,2022.06.13.
209,Kormányrúd kiegészít?,T-26,1,4300,2022.06.13.
210,PXID elektromos roller,H-10,1,180000,2022.06.13.
210,Számzáras lakat Tonyon,T-6D,1,2400,2022.06.13.
211,Bels? 8.5,M-12A,2,4800,2022.06.13.
211,Küls? 8.5,M-13A,2,7200,2022.06.13.
212,Szerviz díj,,,5000,2022.06.13.
213,Szerviz díj,,,6000,2022.06.13.
214,Xiaomi fékkar,M-6,1,5000,2022.06.13.
214,GLS szállítási díj,GLS-U,1,1950,2022.06.13.
215,Bels? 10,M-12B,2,6000,2022.06.13.
215,GLS szállítási díj,GLS-U,1,1950,2022.06.13.
216,Hátsó sárvéd?,M-37,1,3000,2022.06.13.
216,GLS szállítási díj,GLS-B,1,1550,2022.06.13.
217,X-tech Zoom tárcsafék,M-30B,2,22000,2022.06.13.
217,Tárcsafék fékpofa Xiaomihoz,M-33,1,1200,2022.06.13.
217,GLS szállítási díj,GLS-B,1,1550,2022.06.13.
218,Féktárcsára szerelhet? zár,T-6,1,2500,2022.06.13.
218,Tárcsa zár kábel,T-6C,1,1000,2022.06.13.
218,GLS szállítási díj,GLS-U,1,1950,2022.06.13.
219,Xiaomi kormány gumi fogó kar,M-44,1,2700,2022.06.13.
219,Motor kerékkel,PRO-10,1,25000,2022.06.13.
219,GLS szállítási díj,GLS-N,1,1800,2022.06.13.
220,90°-os szeleptoldó,T-18B,1,2500,2022.06.14.
221,Szerviz díj,,,6000,2022.06.14.
222,Szerviz díj,,,6000,2022.06.14.
222,Xiaomi csavartartó prizma,PRO-36C,1,1600,2022.06.14.
222,Telefontartó m?anyag kormányra szerelhet?,T-5B,1,3600,2022.06.14.
223,Szerviz díj,,,6000,2022.06.14.
224,Hátsó sárvéd?,M-37,1,3000,2022.06.14.
224,Xiaomi sárvéd? merevít?,T-20C,1,3000,2022.06.14.
225,Szerviz díj,,,6000,2022.06.14.
225,Tömör gumi,M-14A,1,6000,2022.06.14.
226,Xiaomi sárvéd? merevít?,T-20C,1,3000,2022.06.14.
226,Hátsó sárvéd?,M-37,1,3000,2022.06.14.
227,Küls? 8.5,M-13A,1,3600,2022.06.16.
227,GLS szállítási díj,GLS-U,1,1950,2022.06.16.
228,Féltömör gumi 8.5,M-14B,2,15200,2022.06.16.
228,GLS szállítási díj,GLS-B,1,1550,2022.06.16.
229,Xiaomi M3 kormányrúd,M-16B,1,9900,2022.06.16.
229,Szerviz díj,,,3000,2022.06.16.
230,PXID elektromos roller,F1,1,370000,2022.06.16.
231,Szerviz díj,,,6000,2022.06.16.
231,Küls? 8.5,M-13A,1,3600,2022.06.16.
231,Bels? 8.5,M-12A,1,2400,2022.06.16.
232,Szerviz díj,,,6000,2022.06.17.
232,Utcai gumi Tuovt 80/65-6 10x3,,,10000,2022.06.17.
232,10 Bels? 90°os szeleppel,L-4,1,5000,2022.06.17.
233,Szerviz díj,,,8000,2022.06.17.
233,Bels? 8.5,M-12A,2,4800,2022.06.17.
233,Küls? 8.5,M-13A,2,7200,2022.06.17.
234,Szerviz díj,,,22500,2022.06.17.
235,Szerviz díj,,,36000,2022.06.18.
236,Szerviz díj,,,21000,2022.06.18.
237,Szerviz díj,,,6000,2022.06.18.
237,90°-os szeleptoldó,T-18B,1,2500,2022.06.18.
238,Szerviz díj,,,8000,2022.06.18.
238,Légkamrás tömör gumi,M-14J,1,9000,2022.06.18.
238,Féktárcsa,PRO-31,1,3600,2022.06.18.
238,Kerék csapágy,,2,2600,2022.06.18.
239,Kormány lezáró csap rögzít?,M-21A,1,1500,2022.06.20.
239,Wildman táska,T-8G,1,9000,2022.06.20.
239,Wildman táska,T-8D,1,5700,2022.06.20.
240,Szerviz díj,,,6000,2022.06.20.
240,Xiaomi fellép? mintás matrica,M-43C,1,3500,2022.06.20.
240,Küls? 8.5,M-13A,1,3600,2022.06.20.
240,Bels? 8.5,M-12A,1,2400,2022.06.20.
241,Számzáras lakat Tonyon,T-6D,1,2400,2022.06.20.
241,Xiaomi kijelz?véd?,M-58,1,2000,2022.06.20.
242,Szerviz díj,,,15000,2022.06.21.
243,Szerviz díj,,,13000,2022.06.21.
244,Xiaomi sárvéd? merevít?,T-20C,1,3000,2022.06.22.
244,Hátsó sárvéd?,M-37,1,3000,2022.06.22.
244,90°-os szeleptoldó,T-18B,1,2500,2022.06.22.
244,GLS szállítási díj,GLS-U,1,1950,2022.06.22.
245,Hátsó sárvéd?,M-37,1,3000,2022.06.22.
245,Xiaomi sárvéd? merevít?,T-20C,1,3000,2022.06.22.
245,Szerviz díj,,,6000,2022.06.22.
246,Szilikon fékkar dekor,T-15A,1,1300,2022.06.22.
247,Bels? 8.5,M-12A,1,2400,2022.06.22.
247,Küls? 8.5,M-13A,1,3600,2022.06.22.
248,Szerviz díj,,,6000,2022.06.22.
249,Szerviz díj,,,7000,2022.06.22.
250,Légkamrás tömör gumi,M-14I,2,18000,2022.06.23.
250,Bels? nélküli gumi szelep,T-18C,2,2000,2022.06.23.
250,Szerviz díj,,,7000,2022.06.23.
251,Szerviz díj,,,6000,2022.06.23.
251,Xiaomi sárvéd? merevít?,T-20C,1,3000,2022.06.23.
251,Kormány kiegészít?,T-12B,1,4800,2022.06.23.
252,10 Bels? 90°os szeleppel,L-4,1,4000,2022.06.23.
253,Szerviz díj,,,3000,2022.06.23.
253,Bels? 8.5,M-12A,1,2400,2022.06.23.
254,Légkamrás tömör gumi,M-14J,2,18000,2022.06.23.
254,Akkumulátorhoz csatlakozó vezeték lámpához,M-61,1,2200,2022.06.23.
254,Xiaomi lámpa,,1,3000,2022.06.23.
254,Kerékcsere szerszémkészlet,T-13B,1,6000,2022.06.23.
254,Szerviz díj,,,4000,2022.06.23.
255,Bels? 8.5,M-12A,1,2400,2022.06.24.
255,Számzáras lakat Tonyon,T-6D,1,2400,2022.06.24.
256,Hátsó sárvéd?,M-37,1,3000,2022.06.24.
256,Hátsó lámpa,M-4A,1,2300,2022.06.24.
256,Akkumulátorhoz csatlakozó vezeték lámpához,M-61,1,2000,2022.06.24.
257,Bels? 8.5,M-12A,1,2400,2022.06.24.
257,Küls? 8.5,M-13A,1,3600,2022.06.24.
257,Szerviz díj,,,6000,2022.06.24.
257,10 colos gumi merevít?,T-20F,1,3800,2022.06.24.
258,Bels? 8.5,M-12A,1,2400,2022.06.24.
258,Küls? 8.5,M-13A,1,3600,2022.06.24.
258,Vállpánt,T-3,1,2000,2022.06.24.
258,Roller fogó,,1,2000,2022.06.24.
259,Légkamrás tömör gumi,M-14J,1,9000,2022.06.25.
259,Szerviz díj,,,6000,2022.06.25.
260,Szerviz díj,,,7000,2022.06.25.
260,Légkamrás tömör gumi,M-14J,2,18000,2022.06.25.
260,Bels? nélküli gumi szelep,T-18C,2,2000,2022.06.25.